{"unique_symbols": {"NAN": NaN, "l2_height": 0.2313985920340831, "l4_fwhm": 2.1245868434080926, "l4_center": 4.5, "None": null, "l0_amplitude": 0.9690324327167946, "l0_center": -7.0, "False": false, "l1_center": -5.0, "l1_fwhm": 16.112576512830476, "l3_amplitude": 6.823646388527033, "l5_center": 7.5, "l4_height": 0.5208524918290495, "l0_height": 0.2903647998309587, "l3_height": 0.26960730927642834, "l1_amplitude": 9.779120839122921, "l2_sigma": 0.7287193416984662, "e": 2.718281828459045, "l3_fwhm": 16.112576512830476, "l2_center": -1.5, "l5_fwhm": 1.6150766915102606, "l0_sigma": 1.0622934217040463, "l1_sigma": 8.056288256415238, "l7_sigma": 1.8234061763894478, "l6_height": 0.2301676507189196, "infty": Infinity, "l0_fwhm": 2.1245868434080926, "l2_fwhm": 1.4574386833969324, "newaxis": null, "l5_height": 0.2643630374772075, "l3_center": 2.0, "l7_fwhm": 3.6468123527788956, "l6_amplitude": 0.5668147463671865, "l7_height": 0.3275596231205958, "l7_amplitude": 1.8763922829101265, "l4_sigma": 1.0622934217040463, "Inf": Infinity, "l1_height": 0.38638028795834256, "True": true, "l6_sigma": 0.7838753390023366, "l5_amplitude": 0.6706775063017069, "nan": NaN, "l6_fwhm": 1.5677506780046733, "little_endian": true, "l4_amplitude": 1.7382374087270294, "l2_amplitude": 0.5297498747510806, "l3_sigma": 8.056288256415238, "pi": 3.141592653589793, "l7_center": 12.5, "l6_center": 10.0, "l5_sigma": 0.8075383457551303, "inf": Infinity}, "params": [["l0_sigma", 1.0622934217040463, true, null, 1e-08, Infinity, null, 0.16371282600403206, {"l0_amplitude": 0.7040907083980401, "l1_sigma": 0.05572559489370867, "l1_amplitude": -0.13830066450983378, "l2_sigma": 0.3569481571207719, "l2_amplitude": 0.4808788300061296, "l3_amplitude": -0.4136611839471283, "l4_amplitude": 0.8664602470846015, "l5_sigma": -0.2599130825157955, "l5_amplitude": -0.2764853940406133, "l6_sigma": 0.1288188664423333, "l6_amplitude": 0.1754680861445989, "l7_sigma": 0.13121556541980095, "l7_amplitude": 0.15448251450942266}, 1.0, null], ["l0_center", -7.0, false, null, -Infinity, Infinity, null, 0, null, -7.0, null], ["l0_amplitude", 0.9690324327167946, true, null, 1e-08, Infinity, null, 0.2230857602588924, {"l0_sigma": 0.7040907083980409, "l1_sigma": 0.12799535307219803, "l1_amplitude": -0.5015533635609034, "l2_sigma": 0.42992098636362236, "l2_amplitude": 0.5649838921044169, "l3_amplitude": -0.05102860152070757, "l4_amplitude": 0.5836194039673765, "l5_sigma": -0.2176699515052201, "l5_amplitude": -0.25583014875101606, "l6_sigma": 0.09279555075935701, "l6_amplitude": 0.12322822750366139, "l7_sigma": 0.04362374438199556, "l7_amplitude": 0.041825604711636016}, 1.0, null], ["l1_sigma", 8.056288256415238, true, null, 1e-08, Infinity, null, 0.9395695452458875, {"l0_sigma": 0.05572559489370936, "l0_amplitude": 0.12799535307219861, "l1_amplitude": 0.4927499164948787, "l2_sigma": 0.26655270233228373, "l2_amplitude": 0.3055867115749612, "l3_amplitude": 0.37285443184593703, "l4_amplitude": 0.019843228606310367, "l5_sigma": -0.18391797725857853, "l5_amplitude": -0.3056466921658763, "l6_sigma": 0.058578007181815786, "l6_amplitude": 0.10468134518413477, "l7_sigma": -0.5472690065640125, "l7_amplitude": -0.6882802022673885}, 1.0, null], ["l1_center", -5.0, false, null, -Infinity, Infinity, null, 0, null, -5.0, null], ["l1_amplitude", 9.779120839122921, true, null, 1e-08, Infinity, null, 1.1665650972836887, {"l0_sigma": -0.13830066450983605, "l0_amplitude": -0.501553363560905, "l1_sigma": 0.49274991649487737, "l2_sigma": -0.031578755677220724, "l2_amplitude": -0.054593111101386295, "l3_amplitude": -0.27992889734241083, "l4_amplitude": 0.026654385112478328, "l5_sigma": 0.046988065666255976, "l5_amplitude": 0.06513649678405575, "l6_sigma": 0.010116792922027953, "l6_amplitude": 0.04015115179900028, "l7_sigma": -0.22167942366952018, "l7_amplitude": -0.26060821950849067}, 1.0, null], ["l2_sigma", 0.7287193416984662, true, null, 1e-08, Infinity, null, 0.288079445314266, {"l0_sigma": 0.3569481571207713, "l0_amplitude": 0.4299209863636218, "l1_sigma": 0.26655270233228445, "l1_amplitude": -0.03157875567721957, "l2_amplitude": 0.8695017122928561, "l3_amplitude": -0.26810120590060293, "l4_amplitude": 0.4336798443642117, "l5_sigma": -0.057185861734224984, "l5_amplitude": -0.029919474860140384, "l6_sigma": 0.05379384807520558, "l6_amplitude": 0.08564923783503561, "l7_sigma": 0.007525092028195993, "l7_amplitude": 0.014287819806566031}, 1.0, null], ["l2_center", -1.5, false, null, -Infinity, Infinity, null, 0, null, -1.5, null], ["l2_amplitude", 0.5297498747510806, true, null, 1e-08, Infinity, null, 0.21902801847272302, {"l0_sigma": 0.4808788300061289, "l0_amplitude": 0.5649838921044161, "l1_sigma": 0.3055867115749616, "l1_amplitude": -0.05459311110138466, "l2_sigma": 0.8695017122928561, "l3_amplitude": -0.3412585900553644, "l4_amplitude": 0.5710850985347868, "l5_sigma": -0.08138829528225915, "l5_amplitude": -0.04873775639039765, "l6_sigma": 0.07105690057408787, "l6_amplitude": 0.11073835566996541, "l7_sigma": 0.024546655122000636, "l7_amplitude": 0.03541947711479271}, 1.0, null], ["l3_sigma", 8.056288256415238, false, "l1_sigma", 1e-08, Infinity, null, 0.9395695436043648, null, 1.0, null], ["l3_center", 2.0, false, null, -Infinity, Infinity, null, 0, null, 2.0, null], ["l3_amplitude", 6.823646388527033, true, null, 1e-08, Infinity, null, 1.3356886884889425, {"l0_sigma": -0.4136611839471268, "l0_amplitude": -0.05102860152070587, "l1_sigma": 0.3728544318459369, "l1_amplitude": -0.2799288973424115, "l2_sigma": -0.26810120590060327, "l2_amplitude": -0.34125859005536363, "l4_amplitude": -0.653804492793206, "l5_sigma": -0.1244934392282283, "l5_amplitude": -0.2879183414321605, "l6_sigma": -0.030245890229792235, "l6_amplitude": -0.0408957253363369, "l7_sigma": -0.4553595191153786, "l7_amplitude": -0.5785684888856021}, 1.0, null], ["l4_sigma", 1.0622934217040463, false, "l0_sigma", 1e-08, Infinity, null, 0.1637128265431686, null, 1.0, null], ["l4_center", 4.5, false, null, -Infinity, Infinity, null, 0, null, 4.5, null], ["l4_amplitude", 1.7382374087270294, true, null, 1e-08, Infinity, null, 0.3078479684945148, {"l0_sigma": 0.8664602470846008, "l0_amplitude": 0.583619403967375, "l1_sigma": 0.019843228606309615, "l1_amplitude": 0.026654385112480847, "l2_sigma": 0.43367984436421214, "l2_amplitude": 0.5710850985347871, "l3_amplitude": -0.6538044927932074, "l5_sigma": -0.27226559744754736, "l5_amplitude": -0.22069856707206129, "l6_sigma": 0.1492035275346637, "l6_amplitude": 0.2160470847063995, "l7_sigma": 0.19598647210797882, "l7_amplitude": 0.24669219689699962}, 1.0, null], ["l5_sigma", 0.8075383457551303, true, null, 1e-08, Infinity, null, 0.25856804450824883, {"l0_sigma": -0.25991308251579626, "l0_amplitude": -0.21766995150522062, "l1_sigma": -0.18391797725857648, "l1_amplitude": 0.04698806566625439, "l2_sigma": -0.057185861734224866, "l2_amplitude": -0.0813882952822598, "l3_amplitude": -0.12449343922822663, "l4_amplitude": -0.27226559744754864, "l5_amplitude": 0.8452960442008923, "l6_sigma": -0.35157953183636687, "l6_amplitude": -0.45339259299888235, "l7_sigma": 0.048763826473703746, "l7_amplitude": 0.14975226643382195}, 1.0, null], ["l5_center", 7.5, false, null, -Infinity, Infinity, null, 0, null, 7.5, null], ["l5_amplitude", 0.6706775063017069, true, null, 1e-08, Infinity, null, 0.2018964839494656, {"l0_sigma": -0.2764853940406145, "l0_amplitude": -0.255830148751017, "l1_sigma": -0.3056466921658741, "l1_amplitude": 0.06513649678405345, "l2_sigma": -0.02991947486014031, "l2_amplitude": -0.04873775639039836, "l3_amplitude": -0.287918341432159, "l4_amplitude": -0.22069856707206323, "l5_sigma": 0.8452960442008927, "l6_sigma": -0.4560573466377507, "l6_amplitude": -0.5168546863126119, "l7_sigma": 0.10101876471761058, "l7_amplitude": 0.27066394936386023}, 1.0, null], ["l6_sigma", 0.7838753390023366, true, null, 1e-08, Infinity, null, 0.2926468272616727, {"l0_sigma": 0.12881886644233387, "l0_amplitude": 0.09279555075935701, "l1_sigma": 0.058578007181814065,