{"unique_symbols": {"l4_center": 2.0, "pi": 3.141592653589793, "little_endian": true, "l4_sigma": 0.4, "l3_amplitude": 1.4405688396176384, "l5_sigma": 1.1318037005767456, "l7_center": 10.0, "l7_fwhm": 1.5243524304879463, "l3_fwhm": 2.41683869725302, "infty": Infinity, "l8_amplitude": 3.3820207177446013, "nan": NaN, "l0_amplitude": 1.2142682813579597, "Inf": Infinity, "newaxis": null, "l0_height": 0.350068842396829, "None": null, "l2_fwhm": 0.8, "l0_sigma": 1.1041074451695478, "l0_fwhm": 2.2082148903390957, "l5_center": 4.5, "l4_fwhm": 0.8, "l8_sigma": 2.602622732064256, "l1_amplitude": 1.5441501472340438, "True": true, "l7_amplitude": 0.5551853327443467, "NAN": NaN, "l1_fwhm": 2.2636074011534912, "l4_height": 0.15915494999999996, "l1_height": 0.43427873464328254, "l1_center": -7.0, "l8_center": 12.5, "l8_fwhm": 5.205245464128512, "l3_center": -1.5, "l7_height": 0.23186368744234714, "l6_amplitude": 1.1799234783236376, "l6_center": 7.5, "l7_sigma": 0.7621762152439732, "l5_amplitude": 2.0115339515804815, "inf": Infinity, "l2_height": 0.07957747499999998, "l3_sigma": 1.20841934862651, "e": 2.718281828459045, "l0_center": -10.5, "l2_center": -5.0, "l1_sigma": 1.1318037005767456, "l8_height": 0.4136330107319733, "l4_amplitude": 0.2, "l6_sigma": 1.0716351742717674, "l6_height": 0.35047498757968315, "l6_fwhm": 2.1432703485435347, "l3_height": 0.3794604280401432, "l2_amplitude": 0.1, "False": false, "l2_sigma": 0.4, "l5_fwhm": 2.2636074011534912, "l5_height": 0.5657263451673711}, "params": [["l0_sigma", 1.1041074451695478, true, null, 1e-08, Infinity, null, 0.2767358603887685, {"l0_amplitude": 0.9209539957407554, "l1_sigma": 0.10197387841778238, "l1_amplitude": 0.30576383216923536, "l2_sigma": -0.7277739058398451, "l2_amplitude": -0.6714406633445272, "l3_sigma": 0.5619094944863116, "l3_amplitude": 0.6474125604997247, "l4_amplitude": -0.6646067973312212, "l5_amplitude": 0.4050578547043731, "l6_sigma": 0.42418794158346923, "l6_amplitude": 0.6174396653590791, "l7_sigma": -0.08218106536281722, "l7_amplitude": -0.08386932061967906, "l8_sigma": 0.40044525936254083, "l8_amplitude": 0.5946190105059223}, 1.0, null], ["l0_center", -10.5, false, null, -Infinity, Infinity, null, 0, null, -10.5, null], ["l0_amplitude", 1.2142682813579597, true, null, 1e-08, Infinity, null, 0.40306241723300607, {"l0_sigma": 0.920953995740756, "l1_sigma": 0.23396161308246236, "l1_amplitude": 0.4979293141020365, "l2_sigma": -0.8955637369763539, "l2_amplitude": -0.8460280403956038, "l3_sigma": 0.7206645738104167, "l3_amplitude": 0.8211527995783735, "l4_amplitude": -0.838675376922977, "l5_amplitude": 0.5705757098263048, "l6_sigma": 0.4783640509065925, "l6_amplitude": 0.717141563708672, "l7_sigma": -0.07681606484302178, "l7_amplitude": -0.07003340960976125, "l8_sigma": 0.5025445083594038, "l8_amplitude": 0.7382922790924428}, 1.0, null], ["l1_sigma", 1.1318037005767456, true, null, 1e-08, Infinity, null, 0.12572821305360735, {"l0_sigma": 0.10197387841778784, "l0_amplitude": 0.2339616130824682, "l1_amplitude": 0.8468076329461299, "l2_sigma": -0.4435149925925873, "l2_amplitude": -0.5855267187750351, "l3_sigma": 0.5646785453776595, "l3_amplitude": 0.5793133771521478, "l4_amplitude": -0.5862947192563013, "l5_amplitude": 0.8633623870090197, "l6_sigma": -0.12197329305980123, "l6_amplitude": 0.0009971642937428567, "l7_sigma": 0.16077419134177653, "l7_amplitude": 0.23634698998876863, "l8_sigma": 0.31718056547288637, "l8_amplitude": 0.40254058294926276}, 1.0, null], ["l1_center", -7.0, false, null, -Infinity, Infinity, null, 0, null, -7.0, null], ["l1_amplitude", 1.5441501472340438, true, null, 1e-08, Infinity, null, 0.3118253050382349, {"l0_sigma": 0.3057638321692408, "l0_amplitude": 0.49792931410204216, "l1_sigma": 0.8468076329461278, "l2_sigma": -0.714598429765044, "l2_amplitude": -0.8529069068509423, "l3_sigma": 0.7881494267437531, "l3_amplitude": 0.8286034935471148, "l4_amplitude": -0.8040841604478, "l5_amplitude": 0.8978598586434291, "l6_sigma": 0.11653992962620902, "l6_amplitude": 0.3127310908721177, "l7_sigma": 0.08698375124566711, "l7_amplitude": 0.1459730561703362, "l8_sigma": 0.45991070901945735, "l8_amplitude": 0.6262842215963774}, 1.0, null], ["l2_sigma", 0.4, true, null, 1e-08, Infinity, null, 0.9770236832448439, {"l0_sigma": -0.7277739058398478, "l0_amplitude": -0.8955637369763559, "l1_sigma": -0.44351499259258154, "l1_amplitude": -0.714598429765039, "l2_amplitude": 0.9534971369571362, "l3_sigma": -0.8169168164634696, "l3_amplitude": -0.9309128091733512, "l4_amplitude": 0.9645562958244138, "l5_amplitude": -0.750530230742025, "l6_sigma": -0.4596943149097474, "l6_amplitude": -0.7254904956393835, "l7_sigma": 0.04525806055548993, "l7_amplitude": 0.02412143785425079, "l8_sigma": -0.5776949736673613, "l8_amplitude": -0.8325035536948402}, 1.0, null], ["l2_center", -5.0, false, null, -Infinity, Infinity, null, 0, null, -5.0, null], ["l2_amplitude", 0.1, true, null, 1e-08, Infinity, null, 1.2736450380274638, {"l0_sigma": -0.6714406633445297, "l0_amplitude": -0.8460280403956062, "l1_sigma": -0.5855267187750299, "l1_amplitude": -0.8529069068509384, "l2_sigma": 0.9534971369571372, "l3_sigma": -0.89925363993592, "l3_amplitude": -0.9763148328281016, "l4_amplitude": 0.9625646998522498, "l5_amplitude": -0.8328602018306861, "l6_sigma": -0.37578450437743866, "l6_amplitude": -0.6321326742018709, "l7_sigma": 0.006868424689207065, "l7_amplitude": -0.0258043492002693, "l8_sigma": -0.5725198215294868, "l8_amplitude": -0.8106164365167354}, 1.0, null], ["l3_sigma", 1.20841934862651, true, null, 1e-08, Infinity, null, 0.34539658523954414, {"l0_sigma": 0.5619094944863161, "l0_amplitude": 0.7206645738104207, "l1_sigma": 0.5646785453776565, "l1_amplitude": 0.7881494267437518, "l2_sigma": -0.816916816463473, "l2_amplitude": -0.8992536399359223, "l3_amplitude": 0.9536900920126693, "l4_amplitude": -0.8905280247398536, "l5_amplitude": 0.7948655213082351, "l6_sigma": 0.300999935153453, "l6_amplitude": 0.529412758494032, "l7_sigma": 0.010051859593302683, "l7_amplitude": 0.04608079897194582, "l8_sigma": 0.5006229443022564, "l8_amplitude": 0.7078272401834461}, 1.0, null], ["l3_center", -1.5, false, null, -Infinity, Infinity, null, 0, null, -1.5, null], ["l3_amplitude", 1.4405688396176384, true, null, 1e-08, Infinity, null, 0.7369610839898837, {"l0_sigma": 0.6474125604997287, "l0_amplitude": 0.8211527995783773, "l1_sigma": 0.5793133771521433, "l1_amplitude": 0.8286034935471113, "l2_sigma": -0.9309128091733536, "l2_amplitude": -0.9763148328281026, "l3_sigma": 0.9536900920126683, "l4_amplitude": -0.9732622155512541, "l5_amplitude": 0.8443468047468021, "l6_sigma": 0.36521901268661544, "l6_amplitude": 0.621106858386778, "l7_sigma": -0.0032115612218604917, "l7_amplitude": 0.031969542937050684, "l8_sigma": 0.559840418763627, "l8_amplitude": 0.7959110826582398}, 1.0, null], ["l4_sigma", 0.4, false, "l2_sigma", 1e-08, Infinity, null, 0.9770236851366415, null, 1.0, null], ["l4_center", 2.0, false, null, -Infinity, Infinity, null, 0, null, 2.0, null], ["l4_amplitude", 0.2, true, null, 1e-08, Infinity, null, 1.3592459305456126, {"l0_sigma": -0.6646067973312244, "l0_amplitude": -0.8386753769229799, "l1_sigma": -0.5862947192562963, "l1_amplitude": -0.8040841604477964, "l2_sigma": 0.9645562958244148, "l2_amplitude": 0.9625646998522499, "l3_sigma": -0.8905280247398517, "l3_amplitude": -0.9732622155512531, "l5_amplitude": -0.8649425149192408, "l6_sigma": -0.3867420919379658, "l6_amplitude": -0.6472718834564057, "l7_sigma": 0.007160300289185934, "l7_amplitude": -0.024274532252870105, "l8_sigma": -0.5874592515826562, "l8_amplitude": -0.8271114339167843}, 1.0, null], ["l5_sigma", 1.1318037005767456, false, "l1_sigma", 1e-08, Infinity, null, 0.12572821286042876, null, 1.0, null], ["l5_center", 4.5, false, null, -Infinity, Infinity, null, 0, null, 4.5, null], ["l5_amplitude", 2.0115339515804815, true, null, 1e-08, Infinity, null, 0.36297651275390114, {"l0_sigma": 0.40505785470437855, "l0_amplitude": 0.5705757098263108,