{"unique_symbols": {"l2_amplitude": 0.6, "l6_height": 0.2785211624999999, "l2_height": 0.23873242499999997, "l8_amplitude": 1.391946494215662, "False": false, "l9_height": 0.22550058531608874, "l5_height": 0.2785211624999999, "l4_sigma": 1.2878704151439089, "l3_center": -5.0, "l10_amplitude": 3.6966060119912223, "l8_center": 7.5, "l4_fwhm": 2.5757408302878178, "l0_sigma": 1.2639618611747032, "l9_sigma": 0.5060878946544433, "l3_sigma": 0.8, "l2_fwhm": 1.6, "l5_fwhm": 1.6, "l8_sigma": 1.228193201771083, "l5_sigma": 0.8, "l6_center": 2.0, "l7_sigma": 1.1011734211331303, "l6_sigma": 0.8, "l3_fwhm": 1.6, "newaxis": null, "l5_center": 2.0, "l0_center": -10.5, "l10_fwhm": 5.514604036997772, "e": 2.718281828459045, "True": true, "l1_fwhm": 2.2023468422662607, "None": null, "l6_amplitude": 0.7, "l8_fwhm": 2.456386403542166, "l1_sigma": 1.1011734211331303, "l1_center": -7.0, "l0_height": 0.3617611879591403, "l7_center": 4.5, "l10_sigma": 2.757302018498886, "l8_height": 0.36074971652686255, "l7_fwhm": 2.2023468422662607, "l9_amplitude": 0.35852832873235807, "Inf": Infinity, "NAN": NaN, "l7_height": 0.5731104945861876, "l0_amplitude": 1.4365005437581635, "l0_fwhm": 2.5279237223494064, "l1_height": 0.5781285561223454, "little_endian": true, "l10_height": 0.42674552229752416, "pi": 3.141592653589793, "l5_amplitude": 0.7, "l4_height": 0.7414796463767626, "l1_amplitude": 2, "l4_center": -1.5, "infty": Infinity, "inf": Infinity, "nan": NaN, "l4_amplitude": 3, "l9_fwhm": 1.0121757893088865, "l3_amplitude": 0.6, "l2_center": -5.0, "l2_sigma": 0.8, "l3_height": 0.23873242499999997, "l6_fwhm": 1.6, "l9_center": 10.157449130644709, "l10_center": 12.341310011967536, "l7_amplitude": 1.9826403263322083}, "params": [["l0_sigma", 1.2639618611747032, true, null, 1e-08, Infinity, null, 0.3193351521810592, {"l0_amplitude": 0.928429629215086, "l1_sigma": 0.1714072840449217, "l1_amplitude": 0.3833204717589677, "l2_sigma": -0.7452879617111804, "l2_amplitude": -0.7025440443924339, "l4_sigma": 0.6200326243384985, "l4_amplitude": 0.685597354466906, "l5_amplitude": -0.6972513690934784, "l7_amplitude": 0.4818216172003574, "l8_sigma": 0.39593554783013396, "l8_amplitude": 0.5941922688050716, "l9_sigma": -0.19291793154447853, "l9_center": 0.09310634084789587, "l9_amplitude": -0.20196612418777718, "l10_sigma": 0.3827545135088019, "l10_center": -0.16568669989146753, "l10_amplitude": 0.4977147980456667}, 1.0, null], ["l0_center", -10.5, false, null, -Infinity, Infinity, null, 0, null, -10.5, null], ["l0_amplitude", 1.4365005437581635, true, null, 1e-08, Infinity, null, 0.4946621461033213, {"l0_sigma": 0.9284296292150881, "l1_sigma": 0.3138126342536473, "l1_amplitude": 0.5782260274987189, "l2_sigma": -0.9058432867103599, "l2_amplitude": -0.8687095801506388, "l4_sigma": 0.7783351479184617, "l4_amplitude": 0.8527345482037616, "l5_amplitude": -0.8639473670337541, "l7_amplitude": 0.6493380581761541, "l8_sigma": 0.43302383268121586, "l8_amplitude": 0.6752369997048606, "l9_sigma": -0.21273761802278598, "l9_center": 0.09174832981184648, "l9_amplitude": -0.22672576999277458, "l10_sigma": 0.4743610807343355, "l10_center": -0.20417660850976527, "l10_amplitude": 0.6139359021916291}, 1.0, null], ["l1_sigma", 1.1011734211331303, true, null, 1e-08, Infinity, null, 0.12846329854663419, {"l0_sigma": 0.171407284044929, "l0_amplitude": 0.3138126342536557, "l1_amplitude": 0.858705647769201, "l2_sigma": -0.5314177240763862, "l2_amplitude": -0.6348979989467816, "l4_sigma": 0.6192715901670136, "l4_amplitude": 0.6263782072960372, "l5_amplitude": -0.635217443390179, "l7_amplitude": 0.8669848421592599, "l8_sigma": -0.12179169948356368, "l8_amplitude": 0.025695765677212518, "l9_sigma": 0.0422249598105136, "l9_center": -0.1119352003025386, "l9_amplitude": 0.010589130671549235, "l10_sigma": 0.3406193264998046, "l10_center": -0.14362997187965876, "l10_amplitude": 0.4176106142751718}, 1.0, null], ["l1_center", -7.0, false, null, -Infinity, Infinity, null, 0, null, -7.0, null], ["l1_amplitude", 2, true, null, 1e-08, Infinity, null, 0.35457465394509413, {"l0_sigma": 0.3833204717589749, "l0_amplitude": 0.5782260274987261, "l1_sigma": 0.8587056477691981, "l2_sigma": -0.79593971624066, "l2_amplitude": -0.8846040506180578, "l4_sigma": 0.8389515612646838, "l4_amplitude": 0.8674886018260887, "l5_amplitude": -0.8568666395859798, "l7_amplitude": 0.9239781803697495, "l8_sigma": 0.11308022837357497, "l8_amplitude": 0.33053500764980903, "l9_sigma": -0.07082887839859614, "l9_center": -0.0374963078104849, "l9_amplitude": -0.10073301654878031, "l10_sigma": 0.4687833543426792, "l10_center": -0.2009344169137994, "l10_amplitude": 0.5884521910787822}, 1.0, null], ["l2_sigma", 0.8, true, null, 1e-08, Infinity, null, 1.0783476715767228, {"l0_sigma": -0.7452879617111854, "l0_amplitude": -0.9058432867103632, "l1_sigma": -0.53141772407638, "l1_amplitude": -0.795939716240656, "l2_amplitude": 0.9729951736293068, "l4_sigma": -0.880981461168415, "l4_amplitude": -0.9600158196743159, "l5_amplitude": 0.9785488919410441, "l7_amplitude": -0.8234659336899166, "l8_sigma": -0.39287713981291716, "l8_amplitude": -0.6590770792760209, "l9_sigma": 0.2023469032106559, "l9_center": -0.06453757335219186, "l9_amplitude": 0.22451716136603925, "l10_sigma": -0.5452227714079663, "l10_center": 0.23749216698647008, "l10_amplitude": -0.6971143733906522}, 1.0, null], ["l2_center", -5.0, false, null, -Infinity, Infinity, null, 0, null, -5.0, null], ["l2_amplitude", 0.6, true, null, 1e-08, Infinity, null, 0.7466813648904711, {"l0_sigma": -0.702544044392439, "l0_amplitude": -0.868709580150643, "l1_sigma": -0.634897998946775, "l1_amplitude": -0.8846040506180531, "l2_sigma": 0.9729951736293068, "l4_sigma": -0.9338212135435383, "l4_amplitude": -0.9866454009162364, "l5_amplitude": 0.980247893729134, "l7_amplitude": -0.8786717948511779, "l8_sigma": -0.32913181606919817, "l8_amplitude": -0.589202229132317, "l9_sigma": 0.1772026841047692, "l9_center": -0.03930514125513253, "l9_amplitude": 0.20332094540105844, "l10_sigma": -0.5474519298211965, "l10_center": 0.24071012073409725, "l10_amplitude": -0.6945741777747443}, 1.0, null], ["l3_sigma", 0.8, false, "l2_sigma", 1e-08, Infinity, null, 1.0783476697159347, null, 1.0, null], ["l3_center", -5.0, false, "l2_center", -Infinity, Infinity, null, 0.0, null, -5.0, null], ["l3_amplitude", 0.6, false, "l2_amplitude", 1e-08, Infinity, null, 0.7466813636860732, null, 1.0, null], ["l4_sigma", 1.2878704151439089, true, null, 1e-08, Infinity, null, 0.40235072465357796, {"l0_sigma": 0.6200326243385027, "l0_amplitude": 0.7783351479184649, "l1_sigma": 0.6192715901670063, "l1_amplitude": 0.8389515612646785, "l2_sigma": -0.8809814611684142, "l2_amplitude": -0.9338212135435373, "l4_amplitude": 0.9675405752714212, "l5_amplitude": -0.9288979259750103, "l7_amplitude": 0.8467741499974853, "l8_sigma": 0.2778267863039695, "l8_amplitude": 0.5201357151307773, "l9_sigma": -0.14658672457004696, "l9_center": 0.024904131978505054, "l9_amplitude": -0.17048229429008255, "l10_sigma": 0.497200741100677, "l10_center": -0.21526823998896336, "l10_amplitude": 0.6325152653032929}, 1.0, null], ["l4_center", -1.5, false, null, -Infinity, Infinity, null, 0, null, -1.5, null], ["l4_amplitude", 3, true, null, 1e-08, Infinity, null, 0.9818605670950352, {"l0_sigma": 0.6855973544669114, "l0_amplitude": 0.8527345482037653, "l1_sigma": 0.6263782072960293, "l1_amplitude": 0.8674886018260838, "l2_sigma": -0.9600158196743155, "l2_amplitude": -0.9866454009162358, "l4_sigma": 0.9675405752714217, "l5_amplitude": -0.9850397360126786, "l7_amplitude": 0.8818103369760679, "l8_sigma": 0.32417642613195946, "l8_amplitude": 0.5856698149058505, "l9_sigma": -0.16867619408008655, "l9_center": 0.0371661341290158, "l9_amplitude": -0.193048988387143, "l10_sigma": 0.5347744401792939, "l10_center": -0.23109669948438746,