{"unique_symbols": {"l7_sigma": 1.2333001684097378, "l5_sigma": 1.999982861390162, "l6_center": 2.0, "l2_sigma": 1.999982861390162, "l2_fwhm": 3.999965722780324, "l3_fwhm": 3.999965722780324, "l8_sigma": 1.2517363494306777, "l8_fwhm": 2.5034726988613554, "l3_center": -5.0, "inf": Infinity, "l4_center": -1.5, "l10_amplitude": 2.963857220020496, "l7_amplitude": 2.6275505603970304, "l1_center": -7.0, "l2_center": -5.0, "l5_height": 0.15614462182054556, "l4_sigma": 1.8319901645425347, "l10_center": 12.5, "l6_height": 0.15614462182054556, "l9_height": 0.2754738486280428, "l8_center": 7.5, "l5_amplitude": 0.9810771438128045, "l2_amplitude": 0.8283155501931025, "l9_fwhm": 1.5379452895524457, "l3_height": 0.13183164968080982, "e": 2.718281828459045, "nan": NaN, "l0_center": -10.5, "l10_height": 0.4717125476601839, "None": null, "l4_height": 0.569370682324704, "l0_amplitude": 1.8290129334123322, "l3_amplitude": 0.8283155501931025, "l1_sigma": 1.2333001684097378, "l7_center": 4.5, "l1_height": 0.5306999025256963, "l10_sigma": 1.9999999999971045, "l10_fwhm": 3.999999999994209, "l2_height": 0.13183164968080982, "Inf": Infinity, "l7_height": 0.6781604166999957, "l0_fwhm": 2.941771995781121, "pi": 3.141592653589793, "infty": Infinity, "l1_amplitude": 2.0562108786436513, "little_endian": true, "l8_height": 0.4135315239836761, "newaxis": null, "l4_fwhm": 3.6639803290850694, "l0_sigma": 1.4708859978905604, "l8_amplitude": 1.626190200825772, "l7_fwhm": 2.4666003368194755, "l9_sigma": 0.7689726447762228, "l9_center": 10.0, "l3_sigma": 1.999982861390162, "l0_height": 0.3958110450219294, "True": true, "l6_fwhm": 3.999965722780324, "l6_amplitude": 0.9810771438128045, "False": false, "l5_center": 2.0, "NAN": NaN, "l1_fwhm": 2.4666003368194755, "l5_fwhm": 3.999965722780324, "l4_amplitude": 3.2769370038372347, "l6_sigma": 1.999982861390162, "l9_amplitude": 0.665489367268159}, "params": [["l0_sigma", 1.4708859978905604, true, null, 0.05, 2, null, 0.30547067488029794, {"l0_amplitude": 0.9115731845778132, "l1_sigma": -0.43352649105603186, "l1_amplitude": -0.40377058269312305, "l2_sigma": -0.011437612398367778, "l2_amplitude": 0.0738143158244737, "l4_sigma": -0.09523677223087808, "l4_amplitude": -0.06783897143280058, "l5_amplitude": 0.0713622031838319, "l7_amplitude": -0.25672030282338365, "l8_sigma": 0.2434347439994226, "l8_amplitude": 0.32703346640475445, "l9_sigma": -0.1294552956912535, "l9_amplitude": -0.17299718734366845, "l10_sigma": 0.018527125243713315, "l10_amplitude": 0.011125534186858861}, 1.0, null], ["l0_center", -10.5, false, null, -11.0, -10.0, null, 0, null, -10.5, null], ["l0_amplitude", 1.8290129334123322, true, null, 0.05, Infinity, null, 0.36264698576790766, {"l0_sigma": 0.9115731845778126, "l1_sigma": -0.4402479238406919, "l1_amplitude": -0.3198223071053209, "l2_sigma": -0.17721408694407065, "l2_amplitude": -0.06719546024670651, "l4_sigma": 0.024521954159006053, "l4_amplitude": 0.0754559197124781, "l5_amplitude": -0.07136030076070332, "l7_amplitude": -0.17558934024124936, "l8_sigma": 0.2629952313242825, "l8_amplitude": 0.37927438890807863, "l9_sigma": -0.13366503942687966, "l9_amplitude": -0.17542609747553614, "l10_sigma": -0.008395100881290229, "l10_amplitude": 0.06452342859607976}, 1.0, null], ["l1_sigma", 1.2333001684097378, true, null, 0.05, 2, null, 0.15227233190203746, {"l0_sigma": -0.4335264910560364, "l0_amplitude": -0.44024792384069533, "l1_amplitude": 0.8636075580566541, "l2_sigma": -0.5345491904412331, "l2_amplitude": -0.6420177991406693, "l4_sigma": 0.5763774245610085, "l4_amplitude": 0.5932503841119476, "l5_amplitude": -0.6438138853588252, "l7_amplitude": 0.8709128034225384, "l8_sigma": -0.5098503662529178, "l8_amplitude": -0.6030680286443147, "l9_sigma": 0.292140964553555, "l9_amplitude": 0.40159970570404147, "l10_sigma": -0.10855004343505766, "l10_amplitude": 0.11106794381655923}, 1.0, null], ["l1_center", -7.0, false, null, -7.5, -6.5, null, 0, null, -7.0, null], ["l1_amplitude", 2.0562108786436513, true, null, 0.05, Infinity, null, 0.5144674085973214, {"l0_sigma": -0.4037705826931285, "l0_amplitude": -0.3198223071053259, "l1_sigma": 0.8636075580566558, "l2_sigma": -0.8113533599510769, "l2_amplitude": -0.889200352371441, "l4_sigma": 0.7990186285330186, "l4_amplitude": 0.8461579071375224, "l5_amplitude": -0.8726257295120631, "l7_amplitude": 0.9343435990835325, "l8_sigma": -0.4084473627818045, "l8_amplitude": -0.42542329893132286, "l9_sigma": 0.24839927712627052, "l9_amplitude": 0.3470095497556626, "l10_sigma": -0.15340544599793413, "l10_amplitude": 0.20695472627911768}, 1.0, null], ["l2_sigma", 1.999982861390162, true, null, 0.05, 2, null, 0.9141499991719618, {"l0_sigma": -0.011437612398362162, "l0_amplitude": -0.17721408694406576, "l1_sigma": -0.5345491904412359, "l1_amplitude": -0.81135335995108, "l2_amplitude": 0.9704339544576334, "l4_sigma": -0.8687774293510891, "l4_amplitude": -0.9553274357987929, "l5_amplitude": 0.9752136168014301, "l7_amplitude": -0.831338829980783, "l8_sigma": 0.20117045978290118, "l8_amplitude": 0.12149274322232244, "l9_sigma": -0.14532919700616953, "l9_amplitude": -0.21064531592953595, "l10_sigma": 0.1791603018943831, "l10_amplitude": -0.28437221181250705}, 1.0, null], ["l2_center", -5.0, false, null, -5.5, -4.5, null, 0, null, -5.0, null], ["l2_amplitude", 0.8283155501931025, true, null, 0.05, Infinity, null, 0.6226168817404871, {"l0_sigma": 0.07381431582448, "l0_amplitude": -0.06719546024670121, "l1_sigma": -0.6420177991406736, "l1_amplitude": -0.8892003523714452, "l2_sigma": 0.9704339544576339, "l4_sigma": -0.9291394933784642, "l4_amplitude": -0.9844040605260688, "l5_amplitude": 0.9863451830911464, "l7_amplitude": -0.8853244186402092, "l8_sigma": 0.27070339696749696, "l8_amplitude": 0.21902996569097233, "l9_sigma": -0.18085883478090956, "l9_amplitude": -0.2578818867651159, "l10_sigma": 0.17408635421683136, "l10_amplitude": -0.26375385119498396}, 1.0, null], ["l3_sigma", 1.999982861390162, false, "l2_sigma", 0.05, 2, null, 0.914150000211572, null, 1.0, null], ["l3_center", -5.0, false, "l2_center", -5.5, -4.5, null, 0.0, null, -5.0, null], ["l3_amplitude", 0.8283155501931025, false, "l2_amplitude", 0.05, Infinity, null, 0.6226168805420784, null, 1.0, null], ["l4_sigma", 1.8319901645425347, true, null, 0.05, 2, null, 0.4640027014688828, {"l0_sigma": -0.09523677223088463, "l0_amplitude": 0.02452195415900069, "l1_sigma": 0.576377424561015, "l1_amplitude": 0.7990186285330251, "l2_sigma": -0.8687774293510931, "l2_amplitude": -0.9291394933784675, "l4_amplitude": 0.9679326746057192, "l5_amplitude": -0.9258706668849983, "l7_amplitude": 0.8033213587881832, "l8_sigma": -0.26192729440460605, "l8_amplitude": -0.22073779883257963, "l9_sigma": 0.1706126153466875, "l9_amplitude": 0.24377454370022095, "l10_sigma": -0.14307287518580425, "l10_amplitude": 0.21508555714391947}, 1.0, null], ["l4_center", -1.5, false, null, -2.0, -1.0, null, 0, null, -1.5, null], ["l4_amplitude", 3.2769370038372347, true, null, 0.05, Infinity, null, 1.4170237245307726, {"l0_sigma": -0.06783897143280726, "l0_amplitude": 0.07545591971247234, "l1_sigma": 0.5932503841119523, "l1_amplitude": 0.8461579071375273, "l2_sigma": -0.9553274357987948, "l2_amplitude": -0.98440406052607, "l4_sigma": 0.967932674605717, "l5_amplitude": -0.98372299623878, "l7_amplitude": 0.8553015318919934, "l8_sigma": -0.2565901985591189, "l8_amplitude": -0.19912408967665077, "l9_sigma": 0.17170177776736126, "l9_amplitude": 0.24687614862415788, "l10_sigma": -0.1629109822836932, "l10_amplitude": 0.2515631603480734}, 1.0, null], ["l5_sigma", 1.999982861390162, false, "l2_sigma", 0.05, 2, null, 0.914150000211572, null, 1.0, null], ["l5_center", 2.0, false, null, 1.5, 2.5, null, 0, null, 2.0, null], ["l5_amplitude", 0.9810771438128045, true, null, 0.05, Infinity, null, 0.6573422741908608, {"l0_sigma": 0.0713622031838381, "l0_amplitude": -0.07136030076069785, "l1_sigma": -0.6438138853588296, "l1_amplitude": -0.872625729512067, "l2_sigma": 0.975213616801431,